opportunity_segment,customer_count,raw_revenue,robust_revenue,median_recency_days,average_order_count,average_robust_aov,robust_revenue_share
High-Value Repeat Active,477,4065917.88,3306045.83,13.0,14.29140461215933,574.4203632341021,0.561415519093639
Other Repeat Active,1480,1647598.762,1647598.762,22.0,4.117567567567567,288.5041650504757,0.2797866580773525
Other Repeat At-Risk,513,469623.59,386119.29,163.0,2.847953216374269,273.70648717222446,0.06556877090461184
Lapsed One-Time Buyer,774,306878.37,229694.77,238.0,1.0,297.1471798188874,0.03900557196227494
Recent One-Time Buyer,621,226441.711,222126.991,40.0,1.0,358.26934032258066,0.03772045106736257
High-Value Repeat At-Risk,21,97182.511,97182.511,134.0,8.238095238095237,767.349960070353,0.016503028894759235
