feature,high_value_median,non_high_value_median,high_value_mean,non_high_value_mean
recency_days,13.0,57.0,25.688755020080322,99.72933884297521
order_count,11.0,2.0,14.036144578313253,2.641676505312869
active_months,7.0,2.0,7.259036144578313,2.247638724911452
robust_aov,473.5652232142857,248.03,582.5559486428597,301.0179163092712
unique_products,126.0,29.0,158.24096385542168,44.252656434474616
