Country,2010-12,2011-01,2011-02,2011-03,2011-04,2011-05,2011-06,2011-07,2011-08,2011-09,2011-10,2011-11,2011-12,monthly_avg_revenue,monthly_revenue_std,monthly_revenue_cv,revenue_range,active_month_count,peak_month
Netherlands,8784.48,26611.16,23011.91,22416.489999999998,2976.56,29185.88,26858.09,26.02,40327.81,26937.26,40708.65,25874.01,11728.02,21957.41076923077,12740.656231966926,0.580244017196262,40682.630000000005,13,2011-10
EIRE,8813.880000000001,21904.19,10111.52,21674.36,7570.5,15977.15,19835.99,40854.15,16957.829999999998,40832.64,24302.920000000002,29448.41,6978.92,20404.80461538461,11377.604164207578,0.5575943694961532,33875.23,13,2011-07
France,9616.31,17740.12,8515.96,14584.95,5529.61,17606.48,16078.97,10000.19,13810.96,23428.04,33471.05,31274.75,7276.92,16071.870000000003,8777.598208645499,0.5461466654873078,27941.440000000002,13,2011-10
Germany,15205.74,16880.84,9581.05,14392.69,12315.54,25734.7,13246.35,16440.98,19220.77,18079.47,31628.42,27967.68,7984.17,17590.64615384615,7040.606733857694,0.400247192302159,23644.25,13,2011-10
United Kingdom,496477.34,440876.33,354618.2,465784.19,408733.111,550359.35,523775.59,484545.591,497194.91,794806.692,821220.13,975251.39,471381.82,560386.511076923,184133.92865169217,0.3285837988816553,620633.19,13,2011-11
