value_tier,customer_count,total_revenue,avg_customer_revenue,avg_order_count,avg_active_days
High Value,868,6637300.82,7646.659930875577,11.741935483870968,269.17396313364054
Medium Value,2168,1986067.21,916.0826614391144,3.069649446494465,137.5239852398524
Low Value,1302,263840.86,202.64274961597542,1.2941628264208909,26.183563748079877
